actual,predicted,error
-6004,-1368.8797052429322,-4635.120294757067
-2012,-16.06964978311853,-1995.9303502168814
-931,-6.040240746002058,-924.959759253998
-444,14.699106389876395,-458.6991063898764
-31,46.188481441318416,-77.18848144131842
560,191.88845478020562,368.1115452197944
919,476.09214409791633,442.90785590208367
1512,886.6073927112751,625.3926072887249
4425,1408.2198501695812,3016.780149830419
9729,1009.6824587719434,8719.317541228056
3826,256.0683637989014,3569.9316362010986
3652,405.1723313677456,3246.8276686322542
2714,413.66552032773575,2300.334479672264
1824,49.26921103899804,1774.730788961002
764,81.9507294645817,682.0492705354183
13,81.19148643142901,-68.19148643142901
-43,115.01851084782074,-158.01851084782072
-961,68.59352328904492,-1029.593523289045
-5366,-1371.4032488803657,-3994.596751119634
-14507,-2805.8436125031126,-11701.156387496887
-5508,-1299.1789697942834,-4208.821030205717
-2193,3.2497773144106654,-2196.2497773144105
-940,1.5007079416672033,-941.5007079416672
-391,17.28957709242124,-408.28957709242127
-182,48.77895214386326,-230.77895214386325
564,194.47892548275047,369.52107451724953
1214,485.20380218270293,728.7961978172971
1602,905.7760694873349,696.2239305126651
4550,1410.1759493840882,3139.824050615912
9211,937.7032312160592,8273.296768783941
3021,293.30339049438066,2727.6966095056196
3561,410.71290483501053,3150.2870951649893
2184,419.2060937950007,1764.7939062049993
1755,54.80978450626296,1700.190215493737
871,81.9507294645817,789.0492705354183
-23,81.19148643142901,-104.19148643142901
14,68.38511931049666,-54.38511931049666
-297,-57.636036655454575,-239.36396334454543
-545,-373.5739782355233,-171.42602176447667
-1190,-457.246176710704,-732.753823289296
-1924,-271.47545010326974,-1652.5245498967302
-1354,-16.486826653699374,-1337.5131733463006
-1357,-31.398366978346775,-1325.6016330216532
-1060,1.7965988355927367,-1061.7965988355927
-942,1.6989062817440248,-943.698906281744
-401,137.27298964698213,-538.2729896469821
242,367.33002003984666,-125.33002003984666
529,691.7944100473466,-162.79441004734656
1242,754.2784446694903,487.72155533050966
1468,412.86480670624877,1055.1351932937512
1264,556.8315648889726,707.1684351110274
2601,382.86365745267864,2218.1363425473214
1201,361.9482239948047,839.0517760051953
1061,35.011700389135385,1025.9882996108647
376,12.775968431083054,363.2240315689169
-264,25.827314357742697,-289.8273143577427
-9,66.98248712247269,-75.98248712247269
-238,-51.46408725284384,-186.53591274715615
-338,-373.5739782355233,35.57397823552333
-1011,-458.51936086344796,-552.4806391365521
-1493,-262.77175515201014,-1230.2282448479898
-967,-40.44898545498523,-926.5510145450148
-1079,-37.15536092161489,-1041.8446390783852
-862,2.2694335578542257,-864.2694335578542
-432,0.42572212900002704,-432.425722129
-230,135.99980549423813,-365.9998054942381
536,366.0568358871027,169.9431641128973
650,690.5212258946025,-40.52122589460248
768,744.9161291562502,23.083870843749764
1026,411.62542066543693,614.3745793345631
1015,553.0863656739425,461.9136343260575
1992,377.86958158730897,1614.1304184126911
784,333.71650458124975,450.28349541875025
857,31.062428143303535,825.9375718566964
319,20.044243723826554,298.9557562761735
-171,28.505540911587573,-199.50554091158756
0,115.01851084782074,-115.01851084782074
-1054,68.59352328904492,-1122.593523289045
-5970,-1366.1223179940123,-4603.8776820059875
-15397,-2891.2090614445997,-12505.790938555401
-5331,-1365.7984065375026,-3965.2015934624974
-2205,-16.06964978311853,-2188.9303502168814
-707,-6.040240746002058,-700.959759253998
-330,14.699106389876395,-344.6991063898764
-56,46.188481441318416,-102.18848144131842
314,191.88845478020562,122.11154521979438
996,451.2209009976306,544.7790990023693
1182,861.4296757647023,320.5703242352977
4539,1408.2198501695812,3130.780149830419
10316,966.9244801099308,9349.07551989007
4031,237.3381362050693,3793.6618637949305
3812,399.1382024120809,3412.861797587919
2444,407.63139137207116,2036.3686086279288
1726,45.51342827384981,1680.4865717261503
660,83.91983399301562,576.0801660069844
-13,85.8284968644124,-98.8284968644124
-37,-34.4697777036377,-2.5302222963622967
-1037,-239.63649919003407,-797.3635008099659
-6006,-1893.6029607761704,-4112.39703922383
-15675,-3697.8482112523457,-11977.151788747655
-6362,-1445.7538320630358,-4916.246167936964
-1925,-127.52086176834938,-1797.4791382316507
-863,-99.39352522835577,-763.6064747716442
-394,16.4465212964416,-410.4465212964416
-15,48.070641983881465,-63.070641983881465
184,219.64676571426685,-35.64676571426685
1062,537.498735171398,524.501264828602
1490,1156.1337801043499,333.86621989565015
4501,2093.3372308607572,2407.6627691392428
9974,1649.1835043102938,8324.816495689705
3955,555.148914512237,3399.851085487763
3922,518.7674838489476,3403.2325161510526
2479,517.6831946305961,1961.316805369404
1904,85.11219892437718,1818.8878010756227
686,117.75247619845176,568.2475238015483
23,115.99047677406067,-92.99047677406067
-26,-34.4697777036377,8.469777703637703
-1016,-239.63649919003407,-776.3635008099659
-5757,-1893.6029607761704,-3863.39703922383
-15228,-3659.717678616087,-11568.282321383913
-6138,-1445.7538320630358,-4692.246167936964
-1785,-127.52086176834938,-1657.4791382316507
-583,-99.39352522835577,-483.60647477164423
-184,16.581266932439448,-200.58126693243946
-179,48.070641983881465,-227.07064198388147
362,219.64676571426685,142.35323428573315
912,546.497997875718,365.50200212428194
1451,1156.1337801043499,294.86621989565015
4822,2093.3372308607572,2728.6627691392428
9478,1717.7890580922885,7760.2109419077115
3666,574.9486174637871,3091.051382536213
3782,520.974263947044,3261.025736052956
2463,519.8899747286926,1943.1100252713074
1806,85.11219892437718,1720.8878010756227
713,117.75247619845176,595.2475238015483
-29,115.99047677406067,-144.99047677406065
-19,-34.4697777036377,15.469777703637703
-1113,-239.63649919003407,-873.3635008099659
-5732,-1893.6029607761704,-3838.39703922383
-15085,-3659.717678616087,-11425.282321383913
-6179,-1445.7538320630358,-4733.246167936964
-2183,-127.52086176834938,-2055.4791382316507
-841,-99.39352522835577,-741.6064747716442
-395,16.581266932439448,-411.58126693243946
-151,48.070641983881465,-199.07064198388147
536,219.64676571426685,316.35323428573315
1126,550.9470752922665,575.0529247077335
1527,1175.5741033277213,351.42589667227867
4712,2093.3372308607572,2618.6627691392428
9531,1709.8455299124814,7821.154470087518
3673,573.879142106069,3099.120857893931
3823,524.8016128046121,3298.198387195388
2637,523.7173235862606,2113.2826764137394
1965,88.86798168952542,1876.1320183104747
793,115.78337167001784,677.2166283299822
44,111.3534663410773,-67.3534663410773
0,-34.4697777036377,34.4697777036377
-937,-239.63649919003407,-697.3635008099659
-5344,-1893.311567551985,-3450.688432448015
-14079,-3590.2186007544838,-10488.781399245516
-5123,-1377.5043158091926,-3745.4956841908074
-2056,-109.65265386562587,-1946.3473461343742
-963,-93.30379573549222,-869.6962042645077
-616,19.1717376349843,-635.1717376349843
-256,50.66111268642631,-306.6611126864263
665,222.2372364168117,442.7627635831883
1122,561.7908573256935,560.2091426743065
1741,1279.3794512759775,461.62054872402246
4617,2104.681675237085,2512.318324762915
9238,1484.2891669809055,7753.710833019095
3041,614.9474614937768,2426.0525385062233
3401,530.342186271877,2870.657813728123
2113,527.0772887169055,1585.9227112830945
1671,93.69943313137941,1577.3005668686205
785,115.0742496446069,669.9257503553931
82,110.64434431566634,-28.644344315666345
25,-23.464410342866124,48.464410342866124
-298,-143.97367226956112,-154.02632773043888
-446,-535.5849871478154,89.58498714781535
-1131,-483.149377901026,-647.850622098974
-2004,-297.3786512935919,-1706.621348706408
-1443,-190.60781441353924,-1252.3921855864608
-1435,-233.0644657588134,-1201.9355342411866
-972,-163.26261511667875,-808.7373848833213
-976,-163.36030767052745,-812.6396923294726
-17,-10.9895249296086,-6.010475070391401
-72,315.9286631256116,-387.9286631256116
689,729.5925022740579,-40.59250227405789
720,885.2260606363975,-165.2260606363975
1304,528.9640736431039,775.0359263568961
1477,624.1617255179646,852.8382744820354
2491,402.6208300294366,2088.3791699705635
1180,386.2504910718044,793.7495089281956
1169,26.365004332871877,1142.6349956671281
321,13.20997237894608,307.7900276210539
-350,22.590656009817796,-372.5906560098178
-5,-50.90082529751497,45.90082529751497
-272,-142.41593663276467,-129.58406336723533
-406,-535.5849871478154,129.58498714781535
-948,-466.81433750799937,-481.18566249200063
-1490,-271.06673179656167,-1218.9332682034383
-1099,-184.27604274270527,-914.7239572572947
-986,-210.63708698101118,-775.3629130189888
-773,-129.96278006095184,-643.0372199390481
-482,-131.80649148980604,-350.19350851019396
49,60.41237052264898,-11.412370522648978
495,325.3858950047652,169.6141049952348
691,717.736449774868,-26.736449774867992
760,847.8812909274855,-87.88129092748545
1099,521.9877504819164,577.0122495180836
1167,614.6795891825591,552.3204108174409
1973,392.68923999368735,1580.3107600063126
901,356.6474334437025,544.3525665562975
1030,21.706610061629043,1008.293389938371
237,19.769125646278624,217.2308743537214
-188,24.559760538251716,-212.5597605382517
6,-34.4697777036377,40.4697777036377
-1063,-239.63649919003407,-823.3635008099659
-5735,-1888.0306366656316,-3846.9693633343686
-15435,-3680.5101296746193,-11754.48987032538
-5677,-1442.6725333576062,-4234.327466642394
-1939,-127.52086176834938,-1811.4791382316507
-659,-99.39352522835577,-559.6064747716442
-377,16.581266932439448,-393.58126693243946
-86,48.070641983881465,-134.07064198388147
432,219.64676571426685,212.35323428573315
772,517.8434902541022,254.15650974589778
1081,1121.159863405861,-40.15986340586096
4625,2093.3372308607572,2531.6627691392428
10383,1605.3932808672248,8777.606719132775
3949,555.148914512237,3393.851085487763
4011,518.7674838489476,3492.2325161510526
2312,515.502586293976,1796.497413706024
1669,85.11219892437718,1583.8878010756227
673,116.28487559226701,556.715124407733
-12,114.52287616787594,-126.52287616787594
-20,-34.4697777036377,14.469777703637703
-1032,-228.49238697392977,-803.5076130260702
-5628,-1893.6029607761704,-3734.39703922383
-15831,-3697.8482112523457,-12133.151788747655
-5937,-1457.2453297420734,-4479.754670257927
-1904,-127.52086176834938,-1776.4791382316507
-901,-99.39352522835577,-801.6064747716442
-621,16.581266932439448,-637.5812669324395
-109,48.070641983881465,-157.07064198388147
269,219.64676571426685,49.35323428573315
972,537.498735171398,434.50126482860196
1695,1156.1337801043499,538.8662198956501
4508,2102.7255760225785,2405.2744239774215
9927,1649.1835043102938,8277.816495689705
4067,555.148914512237,3511.851085487763
3902,518.7674838489476,3383.2325161510526
2595,517.6831946305961,2077.316805369404
2089,85.11219892437718,2003.8878010756227
809,116.28487559226701,692.715124407733
27,114.52287616787594,-87.52287616787594
-20,-34.4697777036377,14.469777703637703
-996,-239.63649919003407,-756.3635008099659
-5893,-1893.6029607761704,-3999.39703922383
-15714,-3659.717678616087,-12054.282321383913
-5925,-1445.7538320630358,-4479.246167936964
-2004,-127.52086176834938,-1876.4791382316507
-808,-99.39352522835577,-708.6064747716442
-505,16.581266932439448,-521.5812669324395
40,48.070641983881465,-8.070641983881465
575,219.64676571426685,355.35323428573315
1001,546.497997875718,454.50200212428194
1525,1165.522125266171,359.4778747338289
4762,2102.7255760225785,2659.2744239774215
9411,1717.7890580922885,7693.2109419077115
3733,574.9486174637871,3158.051382536213
3819,520.974263947044,3298.025736052956
2617,519.1808527032816,2097.8191472967183
2181,84.40307689896623,2096.5969231010336
751,115.57575356685606,635.4242464331439
18,113.81375414246499,-95.81375414246499
-61,-34.4697777036377,-26.530222296362297
-1367,-228.49238697392977,-1138.5076130260702
-6159,-1893.6029607761704,-4265.39703922383
-16151,-3659.717678616087,-12491.282321383913
-6393,-1457.2453297420734,-4935.754670257927
-2282,-127.52086176834938,-2154.4791382316507
-995,-99.39352522835577,-895.6064747716442
-374,16.581266932439448,-390.58126693243946
-233,48.070641983881465,-281.07064198388144
497,219.64676571426685,277.35323428573315
958,550.9470752922665,407.0529247077335
1365,1175.5741033277213,189.42589667227867
4321,2093.3372308607572,2227.6627691392428
9175,1709.8455299124814,7465.154470087518
3745,573.879142106069,3171.120857893931
3792,524.8016128046121,3267.198387195388
2837,521.5367152496406,2315.4632847503594
2134,88.15885966411447,2045.8411403358855
892,114.3157710638331,777.6842289361668
22,109.88586573489255,-87.88586573489255
-4,-34.4697777036377,30.469777703637703
-969,-239.63649919003407,-729.3635008099659
-5271,-1883.6999447647627,-3387.3000552352373
-14130,-3580.606977967261,-10549.393022032738
-5307,-1367.8926930219702,-3939.1073069780296
-1990,-109.65265386562587,-1880.3473461343742
-846,-93.30379573549222,-752.6962042645077
-551,19.036991998986448,-570.0369919989864
-242,50.66111268642631,-292.6611126864263
260,222.2372364168117,37.7627635831883
1065,561.7908573256935,503.20914267430646
1831,1269.9911061141563,561.0088938858437
4019,2095.2933300752643,1923.7066699247357
8684,1495.6629498707616,7188.337050129238
2978,614.9474614937768,2363.0525385062233
3514,530.342186271877,2983.657813728123
2265,529.2578970535255,1735.7421029464745
2236,94.40855515679036,2141.5914448432095
887,114.3157710638331,772.6842289361668
-29,109.88586573489255,-138.88586573489255
5,-23.464410342866124,28.464410342866124
-350,-143.97367226956112,-206.02632773043888
-445,-532.3913819553808,87.39138195538078
-1151,-479.9557727085915,-671.0442272914086
-2030,-294.18504610115735,-1735.8149538988428
-1499,-190.60781441353924,-1308.3921855864608
-1594,-233.0644657588134,-1360.9355342411866
-838,-163.26261511667875,-674.7373848833213
-725,-163.36030767052745,-561.6396923294726
-197,7.201426871431155,-204.20142687143115
393,315.9286631256116,77.07133687438841
757,710.3115485711949,46.68845142880514
1080,885.2260606363975,194.7739393636025
1265,528.9640736431039,736.0359263568961
1348,624.1617255179646,723.8382744820354
2464,402.6208300294366,2061.3791699705635
1203,386.95961309721537,816.0403869027846
1232,27.074126358282825,1204.925873641717
357,13.919094404357027,343.08090559564295
-399,23.29977803522876,-422.29977803522877
-6,66.98248712247269,-72.98248712247269
-282,-56.078301018658095,-225.9216989813419
-439,-370.3803730430888,-68.61962695691119
-1009,-455.32575567101344,-553.6742443289866
-1487,-259.5781499595756,-1227.4218500404245
-1149,-40.44898545498523,-1108.5510145450148
-1073,-37.15536092161489,-1035.8446390783852
-770,2.2694335578542257,-772.2694335578542
-326,0.42572212900002704,-326.425722129
-159,135.99980549423813,-294.9998054942381
136,366.0568358871027,-230.0568358871027
707,690.5212258946025,16.47877410539752
727,743.4485285500655,-16.448528550065475
1162,411.62542066543693,750.3745793345631
1053,553.0863656739425,499.9136343260575
1963,377.86958158730897,1585.1304184126911
860,333.0073825558388,526.9926174441612
950,30.35330611789257,919.6466938821075
268,17.867521092230838,250.13247890776915
-211,26.328818279991864,-237.32881827999188
-19,94.92252746404266,-113.92252746404266
-1240,22.173136097853746,-1262.1731360978538
-5990,-625.8902798120845,-5364.109720187916
-15150,-2864.7500283308163,-12285.249971669184
-5556,-1380.16250764676,-4175.83749235324
-1684,-70.3272114408955,-1613.6727885591044
-668,-2.243208171870131,-665.7567918281298
-457,27.33607721074383,-484.33607721074384
-136,23.54665918845376,-159.54665918845376
303,173.33186016451603,129.66813983548397
741,472.0164059338815,268.9835940661185
1270,778.1536395095211,491.8463604904789
4581,1295.3029742854108,3285.6970257145895
10055,908.3954208034371,9146.604579196563
4111,-43.08162007829797,4154.081620078298
3930,351.5815841490082,3578.4184158509916
2363,361.1762482839598,2001.82375171604
1861,36.05257090826771,1824.9474290917324
734,70.23296471529505,663.7670352847049
36,72.14162758669184,-36.14162758669184
1,94.92252746404266,-93.92252746404266
-1076,22.173136097853746,-1098.1731360978538
-6056,-582.6353293779806,-5473.36467062202
-15610,-2884.3956574497106,-12725.60434255029
-6062,-1394.2497178367626,-4667.750282163237
-1795,-75.45721527363281,-1719.5427847263672
-565,-4.593202283148884,-560.4067977168511
-505,27.33607721074383,-532.3360772107438
44,23.54665918845376,20.45334081154624
386,173.33186016451603,212.66813983548397
813,483.43930891329865,329.56069108670135
1462,791.4664493611876,670.5335506388124
4549,1295.523646607688,3253.476353392312
9700,940.3994060128082,8759.600593987192
4072,-45.48063052929186,4117.480630529292
3657,349.1825736980144,3307.8174263019855
2460,358.9979101552432,2101.002089844757
1940,33.653560457273834,1906.346439542726
673,70.23296471529505,602.7670352847049
23,72.14162758669184,-49.14162758669184
-19,-34.4697777036377,15.469777703637703
-1035,-239.63649919003407,-795.3635008099659
-5893,-1883.991337988948,-4009.008662011052
-15637,-3538.354592383954,-12098.645407616046
-5850,-1436.1422092758135,-4413.857790724187
-2016,-127.52086176834938,-1888.4791382316507
-466,-99.39352522835577,-366.60647477164423
-423,16.581266932439448,-439.58126693243946
-87,48.070641983881465,-135.07064198388147
409,219.64676571426685,189.35323428573315
886,546.497997875718,339.50200212428194
1292,1165.522125266171,126.47787473382891
5119,2102.7255760225785,3016.2744239774215
9586,1717.7890580922885,7868.2109419077115
3444,574.9486174637871,2869.051382536213
3779,520.974263947044,3258.025736052956
2549,519.1808527032816,2029.8191472967183
1815,84.40307689896623,1730.5969231010338
666,115.57575356685606,550.4242464331439
29,113.81375414246499,-84.81375414246499
-21,-34.4697777036377,13.469777703637703
-1043,-239.63649919003407,-803.3635008099659
-5654,-1883.991337988948,-3770.008662011052
-15406,-3650.1060558288646,-11755.893944171135
-5656,-1436.1422092758135,-4219.857790724187
-1844,-127.52086176834938,-1716.4791382316507
-816,-99.39352522835577,-716.6064747716442
-475,16.581266932439448,-491.58126693243946
-48,48.070641983881465,-96.07064198388147
418,219.64676571426685,198.35323428573315
830,550.9470752922665,279.0529247077335
1423,1184.9624484895426,238.03755151045743
4751,2102.7255760225785,2648.2744239774215
9286,1709.8455299124814,7576.154470087518
3671,573.879142106069,3097.120857893931
3661,524.8016128046121,3136.198387195388
2588,523.0082015608497,2064.9917984391504
2159,88.15885966411447,2070.8411403358855
859,113.60664903842215,745.3933509615779
43,109.1767437094816,-66.1767437094816
-13,-34.4697777036377,21.469777703637703
-1114,-239.63649919003407,-874.3635008099659
-5280,-1883.6999447647627,-3396.3000552352373
-14620,-3580.606977967261,-11039.393022032738
-5645,-1367.8926930219702,-4277.10730697803
-1772,-109.65265386562587,-1662.3473461343742
-821,-93.30379573549222,-727.6962042645077
-513,19.1717376349843,-532.1717376349843
-151,50.66111268642631,-201.6611126864263
649,222.2372364168117,426.7627635831883
1109,561.7908573256935,547.2091426743065
1594,1279.3794512759775,314.62054872402246
5023,2104.681675237085,2918.318324762915
9039,1495.6629498707616,7543.337050129238
3101,614.9474614937768,2486.0525385062233
3266,530.342186271877,2735.657813728123
2108,528.5487750281146,1579.4512249718855
1947,93.69943313137941,1853.3005668686205
730,113.60664903842215,616.3933509615779
17,109.1767437094816,-92.1767437094816
-11,-23.464410342866124,12.464410342866124
-375,-143.97367226956112,-231.02632773043888
-495,-532.3913819553808,37.39138195538078
-1214,-479.9557727085915,-734.0442272914086
-1821,-294.18504610115735,-1526.8149538988428
-1516,-190.60781441353924,-1325.3921855864608
-1425,-251.2554175598532,-1173.7445824401468
-920,-181.45356691771852,-738.5464330822815
-710,-181.55125947156722,-528.4487405284328
169,-10.9895249296086,179.9895249296086
178,315.9286631256116,-137.9286631256116
822,729.5925022740579,92.40749772594211
956,885.2260606363975,70.7739393636025
1209,528.9640736431039,680.0359263568961
1188,624.1617255179646,563.8382744820354
2577,402.6208300294366,2174.3791699705635
1216,386.2504910718044,829.7495089281956
1177,26.365004332871877,1150.6349956671281
357,13.20997237894608,343.7900276210539
-303,22.590656009817796,-325.5906560098178
-4,-50.90082529751497,46.90082529751497
-284,-142.41593663276467,-141.58406336723533
-407,-532.3913819553808,125.39138195538078
-1087,-463.62073231556485,-623.3792676844351
-1426,-267.87312660412715,-1158.1268733958727
-1076,-184.27604274270527,-891.7239572572947
-693,-210.63708698101118,-482.3629130189888
-600,-129.96278006095184,-470.03721993904816
-293,-131.80649148980604,-161.19350851019396
21,60.41237052264898,-39.41237052264898
478,325.3858950047652,152.6141049952348
530,717.736449774868,-187.736449774868
882,847.8812909274855,34.11870907251455
1139,521.9877504819164,617.0122495180836
1018,614.6795891825591,403.3204108174409
2011,392.68923999368735,1618.3107600063126
730,356.6474334437025,373.3525665562975
984,21.706610061629043,962.293389938371
276,19.769125646278624,256.2308743537214
-245,24.559760538251716,-269.55976053825174
-2,-34.4697777036377,32.4697777036377
-1078,-239.63649919003407,-838.3635008099659
-5737,-1878.4190138784093,-3858.5809861215907
-15129,-3670.8985068873967,-11458.101493112603
-5848,-1433.0609105703838,-4414.939089429616
-1723,-127.52086176834938,-1595.4791382316507
-732,-99.39352522835577,-632.6064747716442
-407,16.581266932439448,-423.58126693243946
-96,48.070641983881465,-144.07064198388147
355,219.64676571426685,135.35323428573315
919,526.075832191981,392.924167808019
1315,1130.5482085676822,184.4517914323178
4594,2102.7255760225785,2491.2744239774215
9607,1615.1086992863598,7991.89130071364
3758,555.148914512237,3202.851085487763
3689,518.7674838489476,3170.2325161510526
2440,516.9740726051851,1923.025927394815
1740,84.40307689896623,1655.5969231010338
652,115.57575356685606,536.4242464331439
11,113.81375414246499,-102.81375414246499
-2,-34.4697777036377,32.4697777036377
-1038,-239.63649919003407,-798.3635008099659
-5792,-1883.991337988948,-3908.008662011052
-15086,-3688.236588465123,-11397.763411534877
-5895,-1436.1422092758135,-4458.857790724187
-1879,-127.52086176834938,-1751.4791382316507
-897,-99.39352522835577,-797.6064747716442
-413,16.581266932439448,-429.58126693243946
-50,48.070641983881465,-98.07064198388147
476,219.64676571426685,256.35323428573315
972,537.498735171398,434.50126482860196
1458,1165.522125266171,292.4778747338289
4501,2102.7255760225785,2398.2744239774215
9120,1649.1835043102938,7470.816495689706
3160,555.148914512237,2604.851085487763
3402,518.7674838489476,2883.2325161510526
2551,516.9740726051851,2034.025927394815
2056,84.40307689896623,1971.5969231010338
1034,115.57575356685606,918.4242464331439
108,113.81375414246499,-5.813754142464987
34,-27.172643511355982,61.172643511355986
-273,-85.96080739995642,-187.03919260004358
-443,-1807.834632057865,1364.834632057865
-1046,-3393.8311222627826,2347.8311222627826
-1733,-1331.8440134250638,-401.15598657493615
-1403,-62.51736034246626,-1340.4826396575338
-1208,-72.10066133973017,-1135.89933866027
-1018,-43.89909546826406,-974.100904531736
-555,-12.409720416821985,-542.590279583178
-57,159.16640331356334,-216.16640331356334
543,468.1908273160335,74.8091726839665
816,820.351847459611,-4.351847459611008
832,1485.6040263869697,-653.6040263869697
1262,1221.2146826657388,40.78531733426121
1043,522.2524667343372,520.7475332656628
2096,443.48776641594463,1652.5122335840554
970,522.865545736734,447.134454263266
1063,102.58029360455843,960.4197063954416
284,63.2930419974559,220.7069580025441
-269,61.53104257306479,-330.5310425730648
-39,-70.19204408391191,31.19204408391191
-1035,-494.68109038048095,-540.318909619519
-5616,-2225.6350325259123,-3390.3649674740877
-14780,-4514.203761582182,-10265.796238417817
-5634,-1570.288268937198,-4063.711731062802
-1962,-334.3246985923565,-1627.6753014076435
-805,-291.52526789596743,-513.4747321040326
-459,-67.7793075960111,-391.2206924039889
-168,30.713434386892455,-198.71343438689246
488,244.95015727969786,243.04984272030214
792,687.9820560259013,104.01794397409867
1330,1337.3939053344359,-7.393905334435885
4580,2826.0587329175287,1753.9412670824713
9021,2506.423090686716,6514.576909313284
3603,654.5638225414696,2948.4361774585304
3535,647.5298451301586,2887.4701548698413
2589,653.7342176505571,1935.2657823494428
2074,113.3300653869399,1960.6699346130601
705,105.18267232423152,599.8173276757685
-40,100.75276699529095,-140.75276699529095
3,-34.4697777036377,37.4697777036377
-965,-239.63649919003407,-725.3635008099659
-5281,-1883.6999447647627,-3397.3000552352373
-14077,-3422.2731270677723,-10654.726872932228
-5409,-1367.8926930219702,-4041.1073069780296
-1868,-109.65265386562587,-1758.3473461343742
-871,-93.30379573549222,-777.6962042645077
-517,19.1717376349843,-536.1717376349843
-213,50.66111268642631,-263.6611126864263
616,222.2372364168117,393.7627635831883
895,561.7908573256935,333.20914267430646
1723,1266.5917355767303,456.40826442326966
4489,2104.681675237085,2384.318324762915
8868,1497.9385771065652,7370.061422893435
2780,614.9474614937768,2165.0525385062233
3236,530.342186271877,2705.657813728123
2102,528.5487750281146,1573.4512249718855
2072,93.69943313137941,1978.3005668686205
822,113.60664903842215,708.3933509615779
-3,109.1767437094816,-112.1767437094816
14,-23.464410342866124,37.464410342866124
-382,-143.97367226956112,-238.02632773043888
-463,-532.3913819553808,69.39138195538078
-1276,-479.9557727085915,-796.0442272914086
-1934,-294.18504610115735,-1639.8149538988428
-1497,-190.60781441353924,-1306.3921855864608
-1772,-251.2554175598532,-1520.7445824401468
-989,-181.45356691771852,-807.5464330822815
-614,-163.36030767052745,-450.63969232947255
-162,7.201426871431155,-169.20142687143115
217,315.9286631256116,-98.92866312561159
807,710.3115485711949,96.68845142880514
796,854.5691680101181,-58.56916801011812
1387,531.2397008789075,855.7602991210925
1222,624.1617255179646,597.8382744820354
2593,402.6208300294366,2190.3791699705635
1236,386.2504910718044,849.7495089281956
1224,26.365004332871877,1197.6349956671281
303,13.20997237894608,289.7900276210539
-330,22.590656009817796,-352.5906560098178
-10,-50.90082529751497,40.90082529751497
-260,-142.41593663276467,-117.58406336723533
-395,-532.3913819553808,137.39138195538078
-1000,-463.62073231556485,-536.3792676844351
-1401,-267.87312660412715,-1133.1268733958727
-1385,-184.27604274270527,-1200.7239572572948
-998,-210.63708698101118,-787.3629130189888
-643,-111.77182825991213,-531.2281717400879
-345,-113.61553968876632,-231.38446031123368
-151,60.41237052264898,-211.41237052264898
437,325.3858950047652,111.61410499523481
525,698.455496072005,-173.45549607200496
562,836.5053520040691,-274.5053520040691
1054,524.2633777177199,529.7366222822801
1097,614.6795891825591,482.3204108174409
1877,392.68923999368735,1484.3107600063126
910,356.6474334437025,553.3525665562975
816,21.706610061629043,794.293389938371
333,19.769125646278624,313.2308743537214
-188,24.559760538251716,-212.5597605382517
-20,-34.4697777036377,14.469777703637703
-1077,-239.63649919003407,-837.3635008099659
-5771,-1878.4190138784093,-3892.5809861215907
-14591,-3512.564655987908,-11078.435344012092
-5241,-1444.5524082494214,-3796.447591750579
-1384,-125.99381553735367,-1258.0061844626464
-639,-94.8856432519586,-544.1143567480414
-289,16.4465212964416,-305.4465212964416
-196,47.93589634788361,-243.9358963478836
248,219.51202007826896,28.48797992173104
722,517.8434902541022,204.15650974589778
1140,1106.4102990481479,33.58970095185214
4481,2064.0328817743966,2416.9671182256034
9697,1605.3932808672248,8091.606719132775
3393,555.148914512237,2837.851085487763
2690,518.7674838489476,2171.2325161510526
2299,516.9740726051851,1782.025927394815
1632,84.40307689896623,1547.5969231010338
600,115.57575356685606,484.42424643314394
31,113.81375414246499,-82.81375414246499
1,-34.4697777036377,35.4697777036377
-1080,-239.63649919003407,-840.3635008099659
-5756,-1844.14565774127,-3911.85434225873
-15618,-3623.5467368538684,-11994.453263146132
-6411,-1447.633706954851,-4963.366293045149
-2362,-127.52086176834938,-2234.4791382316507
-989,-99.39352522835577,-889.6064747716442
-492,16.581266932439448,-508.58126693243946
178,48.070641983881465,129.92935801611853
603,219.64676571426685,383.35323428573315
822,537.498735171398,284.50126482860196
1481,1165.522125266171,315.4778747338289
4915,2102.7255760225785,2812.2744239774215
9871,1649.1835043102938,8221.816495689705
4204,555.148914512237,3648.851085487763
3913,518.7674838489476,3394.2325161510526
2553,516.9740726051851,2036.025927394815
1843,84.40307689896623,1758.5969231010338
824,115.57575356685606,708.4242464331439
33,113.81375414246499,-80.81375414246499
5,-34.4697777036377,39.4697777036377
-1088,-239.63649919003407,-848.3635008099659
-5846,-1883.991337988948,-3962.008662011052
-15063,-3603.5236683742864,-11459.476331625714
-6386,-1436.1422092758135,-4949.857790724187
-2278,-127.52086176834938,-2150.4791382316507
-993,-99.39352522835577,-893.6064747716442
-283,16.581266932439448,-299.58126693243946
-176,48.070641983881465,-224.07064198388147
511,219.64676571426685,291.35323428573315
849,546.497997875718,302.50200212428194
1491,1165.522125266171,325.4778747338289
4951,2102.7255760225785,2848.2744239774215
9403,1717.7890580922885,7685.2109419077115
3566,574.9486174637871,2991.051382536213
3714,520.974263947044,3193.025736052956
2597,519.1808527032816,2077.8191472967183
1965,84.40307689896623,1880.5969231010338
757,115.57575356685606,641.4242464331439
45,113.81375414246499,-68.81375414246499
18,-34.4697777036377,52.4697777036377
-1107,-239.63649919003407,-867.3635008099659
-5794,-1883.991337988948,-3910.008662011052
-15137,-3603.5236683742864,-11533.476331625714
-6697,-1436.1422092758135,-5260.857790724187
-2085,-127.52086176834938,-1957.4791382316507
-973,-99.39352522835577,-873.6064747716442
-417,16.581266932439448,-433.58126693243946
-151,48.070641983881465,-199.07064198388147
650,219.64676571426685,430.35323428573315
864,550.9470752922665,313.0529247077335
1573,1172.1747327902956,400.8252672097044
4376,2102.7255760225785,2273.2744239774215
9346,1709.8455299124814,7636.154470087518
3625,573.879142106069,3051.120857893931
3908,524.8016128046121,3383.198387195388
2673,523.0082015608497,2149.9917984391504
2115,88.15885966411447,2026.8411403358855
898,113.60664903842215,784.3933509615779
56,109.1767437094816,-53.1767437094816
-18,-34.4697777036377,16.469777703637703
-977,-239.63649919003407,-737.3635008099659
-5414,-1883.6999447647627,-3530.3000552352373
-14503,-3422.2731270677723,-11080.726872932228
-5849,-1367.8926930219702,-4481.10730697803
-2150,-109.65265386562587,-2040.3473461343742
-951,-93.30379573549222,-857.6962042645077
-625,19.1717376349843,-644.1717376349843
-117,50.66111268642631,-167.6611126864263
706,222.2372364168117,483.7627635831883
1149,561.7908573256935,587.2091426743065
1932,1279.3794512759775,652.6205487240225
5044,2104.681675237085,2939.318324762915
9045,1495.6629498707616,7549.337050129238
2957,614.9474614937768,2342.0525385062233
3403,530.342186271877,2872.657813728123
2104,528.5487750281146,1575.4512249718855
1831,93.69943313137941,1737.3005668686205
736,113.60664903842215,622.3933509615779
40,109.1767437094816,-69.1767437094816
9,-23.464410342866124,32.464410342866124
-422,-143.97367226956112,-278.0263277304389
-575,-532.3913819553808,-42.60861804461922
-1168,-479.9557727085915,-688.0442272914086
-2055,-294.18504610115735,-1760.8149538988428
-1676,-190.60781441353924,-1485.3921855864608
-1560,-207.6071891009312,-1352.3928108990688
-791,-163.26261511667875,-627.7373848833213
-497,-163.36030767052745,-333.63969232947255
-71,32.658703529313385,-103.65870352931339
361,316.22900247829165,44.77099752170835
535,713.301017300486,-178.30101730048602
990,859.0093322319452,130.99066776805478
1038,531.8619711790188,506.13802882098116
1050,624.9954337616825,425.00456623831747
2356,403.4545382731546,1952.5454617268454
933,386.2504910718044,546.7495089281956
1094,26.365004332871877,1067.6349956671281
230,13.20997237894608,216.79002762105392
-311,22.590656009817796,-333.5906560098178
-17,-50.90082529751497,33.90082529751497
-264,-142.41593663276467,-121.58406336723533
-298,-532.3913819553808,234.39138195538078
-1109,-463.62073231556485,-645.3792676844351
-1585,-267.87312660412715,-1317.1268733958727
-1124,-184.27604274270527,-939.7239572572947
-980,-210.63708698101118,-769.3629130189888
-681,-129.96278006095184,-551.0372199390481
-484,-131.80649148980604,-352.19350851019396
-70,60.41237052264898,-130.41237052264898
503,325.3858950047652,177.6141049952348
379,717.736449774868,-338.736449774868
674,847.8812909274855,-173.88129092748545
1161,521.9877504819164,639.0122495180836
1055,614.6795891825591,440.3204108174409
1978,392.68923999368735,1585.3107600063126
742,356.6474334437025,385.3525665562975
1016,21.706610061629043,994.293389938371
282,19.769125646278624,262.2308743537214
-141,24.559760538251716,-165.5597605382517
-45,-34.4697777036377,-10.530222296362297
-1098,-239.63649919003407,-858.3635008099659
-5769,-1878.4190138784093,-3890.5809861215907
-15188,-3512.564655987908,-11675.435344012092
-5880,-1421.0589108896932,-4458.941089110307
-2189,-127.52086176834938,-2061.4791382316507
-868,-99.39352522835577,-768.6064747716442
-519,16.581266932439448,-535.5812669324395
-214,48.070641983881465,-262.07064198388144
524,219.64676571426685,304.35323428573315
920,526.075832191981,393.924167808019
1297,1117.760492868435,179.239507131565
4706,2046.34167482446,2659.65832517554
9828,1558.7247980882407,8269.27520191176
4047,557.4245417480405,3489.5754582519594
3720,518.7674838489476,3201.2325161510526
2528,516.9740726051851,2011.025927394815
1850,84.40307689896623,1765.5969231010338
671,115.57575356685606,555.4242464331439
41,113.81375414246499,-72.81375414246499
-26,-34.4697777036377,8.469777703637703
-1126,-239.63649919003407,-886.3635008099659
-5965,-1883.991337988948,-4081.008662011052
-15667,-3495.0744685599743,-12171.925531440025
-6249,-1401.3139402701534,-4847.686059729846
-2141,-127.52086176834938,-2013.4791382316507
-939,-99.39352522835577,-839.6064747716442
-354,16.581266932439448,-370.58126693243946
-224,48.070641983881465,-272.07064198388144
529,219.64676571426685,309.35323428573315
1241,537.498735171398,703.501264828602
1496,1165.522125266171,330.4778747338289
4995,2102.7255760225785,2892.2744239774215
10135,1649.1835043102938,8485.816495689705
3995,555.148914512237,3439.851085487763
3880,518.7674838489476,3361.2325161510526
2447,516.9740726051851,1930.025927394815
1879,84.40307689896623,1794.5969231010338
665,115.57575356685606,549.4242464331439
20,113.81375414246499,-93.81375414246499
17,114.24785176634177,-97.24785176634177
-1075,62.557890359762595,-1137.5578903597625
-5498,-1339.4170842150374,-4158.582915784962
-15527,-2776.0980469911656,-12750.901953008834
-6372,-1325.2472961774622,-5046.752703822538
-2061,-22.735342118080045,-2038.26465788192
-892,-6.040240746002058,-885.959759253998
-526,14.699106389876395,-540.6991063898764
-215,46.188481441318416,-261.1884814413184
484,191.88845478020562,292.1115452197944
997,471.64306668136777,525.3569333186322
1335,867.1670694879036,467.83293051209637
5109,1408.2198501695812,3700.780149830419
9474,1017.6259869517504,8456.37401304825
3687,257.1378391566195,3429.8621608433805
3681,401.3449825101775,3279.6550174898225
2500,409.1290494447567,2090.8709505552433
2043,44.804306248438856,1998.195693751561
812,81.74311136141992,730.2568886385801
42,83.6517742328167,-41.651774232816706
-20,-34.4697777036377,14.469777703637703
-1063,-239.63649919003407,-823.3635008099659
-5594,-1883.991337988948,-3710.008662011052
-15304,-3568.6953993686266,-11735.304600631374
-6329,-1401.3139402701534,-4927.686059729846
-2146,-127.52086176834938,-2018.4791382316507
-1103,-99.39352522835577,-1003.6064747716442
-337,16.581266932439448,-353.58126693243946
-330,48.070641983881465,-378.07064198388144
408,219.64676571426685,188.35323428573315
1101,550.9470752922665,550.0529247077335
1230,1184.9624484895426,45.03755151045743
4760,2102.7255760225785,2657.2744239774215
8901,1709.8455299124814,7191.154470087518
3646,573.879142106069,3072.120857893931
3792,524.8016128046121,3267.198387195388
2727,523.0082015608497,2203.9917984391504
2015,88.15885966411447,1926.8411403358855
929,113.60664903842215,815.3933509615779
60,109.1767437094816,-49.1767437094816
-29,-34.4697777036377,5.469777703637703
-1061,-239.63649919003407,-821.3635008099659
-5177,-1883.6999447647627,-3293.3000552352373
-13944,-3422.2731270677723,-10521.726872932228
-5470,-1367.8926930219702,-4102.10730697803
-1923,-109.65265386562587,-1813.3473461343742
-1007,-93.30379573549222,-913.6962042645077
-456,19.1717376349843,-475.1717376349843
-171,50.66111268642631,-221.6611126864263
385,222.2372364168117,162.7627635831883
1174,561.7908573256935,612.2091426743065
1827,1257.203390414909,569.7966095850909
5106,2048.297774038967,3057.702225961033
8440,1441.554675908446,6998.445324091554
2725,614.9474614937768,2110.0525385062233
3136,530.342186271877,2605.657813728123
2190,528.5487750281146,1661.4512249718855
1950,93.69943313137941,1856.3005668686205
917,113.60664903842215,803.3933509615779
-27,109.1767437094816,-136.1767437094816
1,-23.464410342866124,24.464410342866124
-449,-143.97367226956112,-305.0263277304389
-487,-532.3913819553808,45.39138195538078
-1095,-479.9557727085915,-615.0442272914086
-2086,-294.18504610115735,-1791.8149538988428
-1498,-190.60781441353924,-1307.3921855864608
-1358,-251.2554175598532,-1106.7445824401468
-744,-181.45356691771852,-562.5464330822815
-883,-181.55125947156722,-701.4487405284328
-150,7.201426871431155,-157.20142687143115
344,315.9286631256116,28.071336874388408
747,710.3115485711949,36.68845142880514
867,873.8501217129811,-6.850121712981149
1491,531.2397008789075,959.7602991210925
1432,624.1617255179646,807.8382744820354
2361,402.6208300294366,1958.3791699705635
967,386.2504910718044,580.7495089281956
1199,26.365004332871877,1172.6349956671281
156,13.20997237894608,142.79002762105392
-449,22.590656009817796,-471.5906560098178
-35,-50.90082529751497,15.90082529751497
-343,-142.41593663276467,-200.58406336723533
-426,-532.3913819553808,106.39138195538078
-945,-463.62073231556485,-481.37926768443515
-1570,-267.87312660412715,-1302.1268733958727
-1203,-184.27604274270527,-1018.7239572572947
-991,-210.63708698101118,-780.3629130189888
-700,-129.96278006095184,-570.0372199390481
-354,-113.61553968876632,-240.38446031123368
19,60.41237052264898,-41.41237052264898
408,325.3858950047652,82.61410499523481
646,698.455496072005,-52.45549607200496
939,836.5053520040691,102.4946479959309
958,524.2633777177199,433.7366222822801
1269,614.6795891825591,654.3204108174409
1992,392.68923999368735,1599.3107600063126
706,356.6474334437025,349.3525665562975
724,21.706610061629043,702.293389938371
287,19.769125646278624,267.2308743537214
-241,24.559760538251716,-265.55976053825174
-7,-34.4697777036377,27.469777703637703
-1163,-239.63649919003407,-923.3635008099659
-5936,-1878.4190138784093,-4057.5809861215907
-15155,-3489.7383866629384,-11665.261613337061
-5572,-1398.2326415647237,-4173.767358435276
-1950,-127.52086176834938,-1822.4791382316507
-856,-99.39352522835577,-756.6064747716442
-394,16.581266932439448,-410.58126693243946
-255,48.070641983881465,-303.07064198388144
270,219.64676571426685,50.35323428573315
853,526.075832191981,326.924167808019
1154,1117.760492868435,36.239507131565006
4610,2046.34167482446,2563.65832517554
9664,1558.7247980882407,8105.27520191176
3919,557.4245417480405,3361.5754582519594
3689,518.7674838489476,3170.2325161510526
2569,516.9740726051851,2052.025927394815
2038,84.40307689896623,1953.5969231010338
879,115.57575356685606,763.4242464331439
26,113.81375414246499,-87.81375414246499
-4,-34.4697777036377,30.469777703637703
-1094,-224.275747198936,-869.724252801064
-5902,-1868.6305859978502,-4033.36941400215
-14929,-3479.7137165688764,-11449.286283431124
-6271,-1401.3139402701534,-4869.686059729846
-1912,-127.52086176834938,-1784.4791382316507
-948,-99.39352522835577,-848.6064747716442
-437,16.581266932439448,-453.58126693243946
-111,48.070641983881465,-159.07064198388147
544,219.64676571426685,324.35323428573315
1091,537.498735171398,553.501264828602
1451,1133.092763753567,317.90723624643306
4221,2021.0533251972604,2199.94667480274
9269,1600.868322088721,7668.1316779112785
3617,555.148914512237,3061.851085487763
3609,518.7674838489476,3090.2325161510526
2369,516.9740726051851,1852.025927394815
2158,84.40307689896623,2073.5969231010336
1073,115.57575356685606,957.4242464331439
154,113.81375414246499,40.18624585753501
9,-34.4697777036377,43.4697777036377
-357,-224.275747198936,-132.724252801064
-778,-1871.0249677992426,1093.0249677992426
-1797,-2917.989159055671,1120.9891590556708
-2182,-1224.5009517235405,-957.4990482764595
-1735,-76.12819155278046,-1658.8718084472196
-1442,-80.53444671017596,-1361.4655532898241
-840,16.581266932439448,-856.5812669324395
-340,48.070641983881465,-388.07064198388144
28,219.64676571426685,-191.64676571426685
582,546.497997875718,35.502002124281944
1478,1133.092763753567,344.90723624643306
2211,2021.0533251972604,189.9466748027396
2037,1650.6948409735985,386.3051590264015
1545,591.2851244049838,953.7148755950162
2646,535.0351436524372,2110.964856347563
1302,533.2417324086748,768.7582675913252
1305,98.4639566043594,1206.5360433956407
540,115.57575356685606,424.42424643314394
-21,113.81375414246499,-134.81375414246497
-18,-34.4697777036377,16.469777703637703
-1163,-224.275747198936,-938.724252801064
-5797,-1871.0249677992426,-3925.9750322007576
-15018,-3033.985003658679,-11984.01499634132
-5553,-1332.289204112962,-4220.710795887038
-2176,-127.52086176834938,-2048.4791382316507
-858,-99.39352522835577,-758.6064747716442
-326,16.581266932439448,-342.58126693243946
-187,48.070641983881465,-235.07064198388147
325,219.64676571426685,105.35323428573315
970,550.9470752922665,419.0529247077335
1248,1152.5330869769384,95.46691302306158
4287,2021.0533251972604,2265.94667480274
9433,1643.0251468033289,7789.974853196671
3611,560.8183456374292,3050.181654362571
3928,524.8016128046121,3403.198387195388
2646,523.0082015608497,2122.9917984391504
2177,88.15885966411447,2088.8411403358855
783,113.60664903842215,669.3933509615779
-3,109.1767437094816,-112.1767437094816
-16,-34.4697777036377,18.469777703637703
-1139,-224.275747198936,-914.724252801064
-5353,-1870.7335745750572,-3482.266425424943
-14169,-2999.3141948027355,-11169.685805197265
